timestamp_sec,timestamp_display,bpm
0,0:00.00,68
0.5,0:00.50,68
1.0,0:01.00,68
1.5,0:01.50,70
2.0,0:02.00,69
2.5,0:02.50,67
3.0,0:03.00,70
3.5,0:03.50,69
4.0,0:04.00,70
4.5,0:04.50,70
5.0,0:05.00,71
5.5,0:05.50,72
6.0,0:06.00,72
6.5,0:06.50,71
7.0,0:07.00,70
7.5,0:07.50,70
8.0,0:08.00,72
8.5,0:08.50,73
9.0,0:09.00,72
9.5,0:09.50,72
10.0,0:10.00,73
10.5,0:10.50,71
11.0,0:11.00,72
11.5,0:11.50,73
12.0,0:12.00,74
12.5,0:12.50,72
13.0,0:13.00,73
13.5,0:13.50,73
14.0,0:14.00,74
14.5,0:14.50,72
15.0,0:15.00,74
15.5,0:15.50,71
16.0,0:16.00,70
16.5,0:16.50,72
17.0,0:17.00,72
17.5,0:17.50,74
18.0,0:18.00,74
18.5,0:18.50,72
19.0,0:19.00,74
19.5,0:19.50,72
20.0,0:20.00,73
20.5,0:20.50,73
21.0,0:21.00,73
21.5,0:21.50,74
22.0,0:22.00,74
22.5,0:22.50,73
23.0,0:23.00,74
23.5,0:23.50,74
24.0,0:24.00,72
24.5,0:24.50,72
25.0,0:25.00,72
25.5,0:25.50,73
26.0,0:26.00,73
26.5,0:26.50,76
27.0,0:27.00,72
27.5,0:27.50,72
28.0,0:28.00,74
28.5,0:28.50,75
29.0,0:29.00,73
29.5,0:29.50,74
30.0,0:30.00,75
30.5,0:30.50,73
31.0,0:31.00,71
31.5,0:31.50,72
32.0,0:32.00,74
32.5,0:32.50,72
33.0,0:33.00,73
33.5,0:33.50,74
34.0,0:34.00,73
34.5,0:34.50,75
35.0,0:35.00,75
35.5,0:35.50,77
36.0,0:36.00,75
36.5,0:36.50,74
37.0,0:37.00,74
37.5,0:37.50,74
38.0,0:38.00,76
38.5,0:38.50,74
39.0,0:39.00,75
39.5,0:39.50,76
40.0,0:40.00,75
40.5,0:40.50,75
41.0,0:41.00,74
41.5,0:41.50,75
42.0,0:42.00,76
42.5,0:42.50,77
43.0,0:43.00,78
43.5,0:43.50,77
44.0,0:44.00,78
44.5,0:44.50,78
45,0:45.00,79
45.5,0:45.50,82
46.0,0:46.00,84
46.5,0:46.50,85
47.0,0:47.00,90
47.5,0:47.50,93
48,0:48.00,96
48.5,0:48.50,97
49.0,0:49.00,101
49.5,0:49.50,100
50.0,0:50.00,104
50.5,0:50.50,104
51.0,0:51.00,105
51.5,0:51.50,105
52.0,0:52.00,108
52.5,0:52.50,111
53.0,0:53.00,112
53.5,0:53.50,113
54.0,0:54.00,111
54.5,0:54.50,116
55.0,0:55.00,117
55.5,0:55.50,116
56.0,0:56.00,117
56.5,0:56.50,119
57.0,0:57.00,122
57.5,0:57.50,120
58.0,0:58.00,122
58.5,0:58.50,125
59.0,0:59.00,123
59.5,0:59.50,124
60.0,1:00.00,126
60.5,1:00.50,125
61.0,1:01.00,127
61.5,1:01.50,126
62.0,1:02.00,130
62.5,1:02.50,129
63.0,1:03.00,133
63.5,1:03.50,131
64.0,1:04.00,133
64.5,1:04.50,130
65.0,1:05.00,132
65.5,1:05.50,133
66.0,1:06.00,135
66.5,1:06.50,132
67.0,1:07.00,136
67.5,1:07.50,136
68.0,1:08.00,137
68.5,1:08.50,137
69.0,1:09.00,136
69.5,1:09.50,136
70.0,1:10.00,135
70.5,1:10.50,138
71.0,1:11.00,138
71.5,1:11.50,141
72.0,1:12.00,138
72.5,1:12.50,139
73.0,1:13.00,137
73.5,1:13.50,139
74.0,1:14.00,140
74.5,1:14.50,141
75.0,1:15.00,142
75.5,1:15.50,141
76.0,1:16.00,139
76.5,1:16.50,142
77.0,1:17.00,142
77.5,1:17.50,142
78.0,1:18.00,141
78.5,1:18.50,143
79.0,1:19.00,142
79.5,1:19.50,143
80.0,1:20.00,144
80.5,1:20.50,144
81.0,1:21.00,143
81.5,1:21.50,146
82.0,1:22.00,144
82.5,1:22.50,143
83.0,1:23.00,144
83.5,1:23.50,146
84.0,1:24.00,144
84.5,1:24.50,145
85.0,1:25.00,146
85.5,1:25.50,144
86.0,1:26.00,142
86.5,1:26.50,145
87.0,1:27.00,145
87.5,1:27.50,144
88.0,1:28.00,146
88.5,1:28.50,146
89.0,1:29.00,144
89.5,1:29.50,146
90,1:30.00,148
90.5,1:30.50,147
91.0,1:31.00,150
91.5,1:31.50,151
92.0,1:32.00,151
92.5,1:32.50,153
93.0,1:33.00,153
93.5,1:33.50,152
94.0,1:34.00,153
94.5,1:34.50,154
95.0,1:35.00,151
95.5,1:35.50,152
96.0,1:36.00,151
96.5,1:36.50,153
97.0,1:37.00,147
97.5,1:37.50,150
98.0,1:38.00,148
98.5,1:38.50,147
99.0,1:39.00,149
99.5,1:39.50,146
100.0,1:40.00,149
100.5,1:40.50,146
101.0,1:41.00,147
101.5,1:41.50,146
102.0,1:42.00,146
102.5,1:42.50,148
103.0,1:43.00,148
103.5,1:43.50,149
104.0,1:44.00,148
104.5,1:44.50,154
105.0,1:45.00,152
105.5,1:45.50,155
106.0,1:46.00,153
106.5,1:46.50,155
107.0,1:47.00,159
107.5,1:47.50,154
108.0,1:48.00,154
108.5,1:48.50,155
109.0,1:49.00,156
109.5,1:49.50,156
110.0,1:50.00,156
110.5,1:50.50,153
111.0,1:51.00,151
111.5,1:51.50,152
112.0,1:52.00,153
112.5,1:52.50,151
113.0,1:53.00,148
113.5,1:53.50,150
114.0,1:54.00,151
114.5,1:54.50,152
115.0,1:55.00,150
115.5,1:55.50,149
116.0,1:56.00,148
116.5,1:56.50,149
117.0,1:57.00,151
117.5,1:57.50,152
118.0,1:58.00,153
118.5,1:58.50,153
119.0,1:59.00,153
119.5,1:59.50,154
120.0,2:00.00,155
120.5,2:00.50,158
121.0,2:01.00,155
121.5,2:01.50,158
122.0,2:02.00,159
122.5,2:02.50,160
123.0,2:03.00,158
123.5,2:03.50,159
124.0,2:04.00,157
124.5,2:04.50,156
125.0,2:05.00,156
125.5,2:05.50,157
126.0,2:06.00,156
126.5,2:06.50,155
127.0,2:07.00,157
127.5,2:07.50,153
128.0,2:08.00,153
128.5,2:08.50,152
129.0,2:09.00,152
129.5,2:09.50,155
130.0,2:10.00,154
130.5,2:10.50,151
131.0,2:11.00,153
131.5,2:11.50,154
132.0,2:12.00,156
132.5,2:12.50,154
133.0,2:13.00,154
133.5,2:13.50,155
134.0,2:14.00,158
134.5,2:14.50,159
135.0,2:15.00,160
135.5,2:15.50,160
136.0,2:16.00,159
136.5,2:16.50,159
137.0,2:17.00,162
137.5,2:17.50,162
138.0,2:18.00,162
138.5,2:18.50,161
139.0,2:19.00,159
139.5,2:19.50,161
140.0,2:20.00,158
140.5,2:20.50,157
141.0,2:21.00,156
141.5,2:21.50,155
142.0,2:22.00,153
142.5,2:22.50,155
143.0,2:23.00,155
143.5,2:23.50,154
144.0,2:24.00,154
144.5,2:24.50,155
145.0,2:25.00,158
145.5,2:25.50,156
146.0,2:26.00,156
146.5,2:26.50,157
147.0,2:27.00,159
147.5,2:27.50,158
148.0,2:28.00,160
148.5,2:28.50,162
149.0,2:29.00,165
149.5,2:29.50,164
150.0,2:30.00,165
150.5,2:30.50,163
151.0,2:31.00,165
151.5,2:31.50,163
152.0,2:32.00,164
152.5,2:32.50,164
153.0,2:33.00,162
153.5,2:33.50,165
154.0,2:34.00,162
154.5,2:34.50,158
155.0,2:35.00,161
155.5,2:35.50,159
156.0,2:36.00,159
156.5,2:36.50,159
157.0,2:37.00,158
157.5,2:37.50,155
158.0,2:38.00,156
158.5,2:38.50,159
159.0,2:39.00,160
159.5,2:39.50,161
160.0,2:40.00,161
160.5,2:40.50,158
161.0,2:41.00,162
161.5,2:41.50,160
162.0,2:42.00,165
162.5,2:42.50,164
163.0,2:43.00,163
163.5,2:43.50,168
164.0,2:44.00,167
164.5,2:44.50,164
165.0,2:45.00,167
165.5,2:45.50,166
166.0,2:46.00,167
166.5,2:46.50,166
167.0,2:47.00,168
167.5,2:47.50,164
168.0,2:48.00,165
168.5,2:48.50,166
169.0,2:49.00,162
169.5,2:49.50,163
170.0,2:50.00,162
170.5,2:50.50,160
171.0,2:51.00,162
171.5,2:51.50,161
172.0,2:52.00,159
172.5,2:52.50,162
173.0,2:53.00,161
173.5,2:53.50,161
174.0,2:54.00,161
174.5,2:54.50,161
175.0,2:55.00,165
175.5,2:55.50,164
176,2:56.00,159
176.5,2:56.50,154
177.0,2:57.00,151
177.5,2:57.50,147
178.0,2:58.00,146
178.5,2:58.50,142
179.0,2:59.00,141
179.5,2:59.50,139
180.0,3:00.00,136
180.5,3:00.50,133
181.0,3:01.00,132
181.5,3:01.50,130
182.0,3:02.00,129
182.5,3:02.50,130
183.0,3:03.00,128
183.5,3:03.50,129
184.0,3:04.00,129
184.5,3:04.50,125
185.0,3:05.00,123
185.5,3:05.50,124
186,3:06.00,118
186.5,3:06.50,114
187.0,3:07.00,114
187.5,3:07.50,113
188.0,3:08.00,111
188.5,3:08.50,110
189.0,3:09.00,109
189.5,3:09.50,111
190.0,3:10.00,108
190.5,3:10.50,106
191.0,3:11.00,106
191.5,3:11.50,107
192.0,3:12.00,105
192.5,3:12.50,106
193.0,3:13.00,106
193.5,3:13.50,105
194,3:14.00,104
194.5,3:14.50,105
195.0,3:15.00,111
195.5,3:15.50,112
196.0,3:16.00,115
196.5,3:16.50,118
197.0,3:17.00,119
197.5,3:17.50,118
198.0,3:18.00,117
198.5,3:18.50,118
199.0,3:19.00,116
199.5,3:19.50,116
200.0,3:20.00,117
200.5,3:20.50,118
201.0,3:21.00,117
201.5,3:21.50,122
202.0,3:22.00,124
202.5,3:22.50,126
203.0,3:23.00,130
203.5,3:23.50,132
204.0,3:24.00,133
204.5,3:24.50,134
205.0,3:25.00,137
205.5,3:25.50,134
206.0,3:26.00,135
206.5,3:26.50,134
207.0,3:27.00,133
207.5,3:27.50,132
208.0,3:28.00,131
208.5,3:28.50,131
209.0,3:29.00,130
209.5,3:29.50,130
210.0,3:30.00,130
210.5,3:30.50,134
211.0,3:31.00,136
211.5,3:31.50,139
212.0,3:32.00,138
212.5,3:32.50,141
213.0,3:33.00,142
213.5,3:33.50,143
214.0,3:34.00,143
214.5,3:34.50,140
215.0,3:35.00,142
215.5,3:35.50,140
216.0,3:36.00,139
216.5,3:36.50,139
217.0,3:37.00,135
217.5,3:37.50,134
218.0,3:38.00,135
218.5,3:38.50,138
219.0,3:39.00,134
219.5,3:39.50,139
220,3:40.00,140
220.5,3:40.50,135
221.0,3:41.00,133
221.5,3:41.50,131
222.0,3:42.00,133
222.5,3:42.50,129
223.0,3:43.00,129
223.5,3:43.50,127
224.0,3:44.00,128
224.5,3:44.50,125
225,3:45.00,127
225.5,3:45.50,129
226.0,3:46.00,133
226.5,3:46.50,136
227.0,3:47.00,136
227.5,3:47.50,136
228.0,3:48.00,133
228.5,3:48.50,130
229.0,3:49.00,132
229.5,3:49.50,135
230.0,3:50.00,140
230.5,3:50.50,144
231.0,3:51.00,146
231.5,3:51.50,148
232.0,3:52.00,145
232.5,3:52.50,143
233.0,3:53.00,141
233.5,3:53.50,141
234.0,3:54.00,139
234.5,3:54.50,141
235.0,3:55.00,144
235.5,3:55.50,149
236.0,3:56.00,150
236.5,3:56.50,151
237.0,3:57.00,147
237.5,3:57.50,147
238.0,3:58.00,142
238.5,3:58.50,141
239.0,3:59.00,143
239.5,3:59.50,142
240,4:00.00,148
240.5,4:00.50,144
241.0,4:01.00,140
241.5,4:01.50,140
242.0,4:02.00,138
242.5,4:02.50,133
243.0,4:03.00,132
243.5,4:03.50,134
244.0,4:04.00,131
244.5,4:04.50,131
245,4:05.00,130
245.5,4:05.50,139
246.0,4:06.00,133
246.5,4:06.50,144
247.0,4:07.00,141
247.5,4:07.50,141
248.0,4:08.00,148
248.5,4:08.50,141
249,4:09.00,139
249.5,4:09.50,137
250.0,4:10.00,133
250.5,4:10.50,131
251.0,4:11.00,127
251.5,4:11.50,127
252.0,4:12.00,126
252.5,4:12.50,123
253.0,4:13.00,122
253.5,4:13.50,121
254.0,4:14.00,120
254.5,4:14.50,118
255.0,4:15.00,117
255.5,4:15.50,117
256.0,4:16.00,115
256.5,4:16.50,113
257.0,4:17.00,113
257.5,4:17.50,111
258,4:18.00,108
258.5,4:18.50,115
259.0,4:19.00,117
259.5,4:19.50,115
260.0,4:20.00,117
260.5,4:20.50,121
261.0,4:21.00,124
261.5,4:21.50,124
262.0,4:22.00,122
262.5,4:22.50,122
263.0,4:23.00,128
263.5,4:23.50,131
264.0,4:24.00,131
264.5,4:24.50,128
265.0,4:25.00,129
265.5,4:25.50,132
266.0,4:26.00,133
266.5,4:26.50,133
267.0,4:27.00,130
267.5,4:27.50,128
268,4:28.00,136
268.5,4:28.50,133
269.0,4:29.00,129
269.5,4:29.50,126
270.0,4:30.00,127
270.5,4:30.50,121
271.0,4:31.00,124
271.5,4:31.50,123
272,4:32.00,119
272.5,4:32.50,127
273.0,4:33.00,127
273.5,4:33.50,124
274.0,4:34.00,124
274.5,4:34.50,128
275.0,4:35.00,132
275.5,4:35.50,131
276.0,4:36.00,131
276.5,4:36.50,131
277.0,4:37.00,134
277.5,4:37.50,135
278.0,4:38.00,138
278.5,4:38.50,135
279.0,4:39.00,132
279.5,4:39.50,134
280.0,4:40.00,137
280.5,4:40.50,138
281.0,4:41.00,133
281.5,4:41.50,133
282,4:42.00,133
282.5,4:42.50,125
283.0,4:43.00,125
283.5,4:43.50,121
284.0,4:44.00,115
284.5,4:44.50,112
285.0,4:45.00,111
285.5,4:45.50,108
286.0,4:46.00,107
286.5,4:46.50,103
287.0,4:47.00,104
287.5,4:47.50,105
288.0,4:48.00,101
288.5,4:48.50,101
289.0,4:49.00,99
289.5,4:49.50,100
290.0,4:50.00,99
